Id;First name;Second name;Surname;Second Surname;Birth date;
1;Juan;Mario;P\xe9rez;Maldonado;23-12-1985;
2;Jorge;Alfonzo;Quinto;Marroqu\xedn;15-01-1988;
3;Carlos;Alberto;Vargas;Mart\xednez;09-03-1990;
4;Mario;Alvaro;Hernadez;Morales;23-02-1984;
5;Marlon;Federico;L\xf3pez;Padilla;01-03-1976;
6;Daniel;Francisco;Herrera;Perdomo;22-03-1989;
7;Cesar;Jaime;Arroche;Pedrosa;18-02-1987;
8;Julio;Ignacio;Carvajal;Quevedo;16-10-1988;
9;Carla;Daniela;Molino;D\xedaz;01-11-1988;
10;Daniela;Flor;Palma;Gabi\xf1o;23-08-1990;
11;Maritza;Gabriela;Qui\xf1onez;G\xf3mez;31-09-1987;
12;Aaron;Bernando;Salvatierra;Gonzalez;05-10-1990;
13;Adrian;Ignacio;Alvarez;Villagran;04-11-1987;
14;Bernardo;Javier;Alfaro;Valdez;06-12-1977;
15;Claudia;Melisa;Alva;Villa;15-03-1992;
16;Jorge;Mariano;Adelantado;Villela;04-05-1991;
17;Ignacio;Carlos;L\xf3pez;Lara;22-05-1993;
18;Melvin;Orlando;Vargas;Lago;29-04-1987;
19;Milton;Marlon;Quinto;Perdomo;27-03-1985;
20;Javier;Enrique;P\xe9rez;Maldonado;14-01-1988;
21;Orlando;Pablo;Rosales;Mart\xednez;17-10-1985;
22;Roberto;Pedro;Vargas;D\xedaz;19-08-1984;
23;Rolando;Vicente;Arroche;Quevedo;04-07-1988;
24;Mariano;Julio;Rosales;Lara;06-06-1989;